id,username,password,email,bio,img
1,dcutbush0,XVwWynfF,cdenver0@psu.edu,Fully-configurable multi-state internet solution,https://randomuser.me/api/portraits/women/1.jpg
2,rtroak1,nJC6nws,enellen1@free.fr,Quality-focused directional flexibility,https://randomuser.me/api/portraits/men/2.jpg
3,jlebrom2,xGEGselr,jfladgate2@zdnet.com,Business-focused demand-driven knowledge user,https://randomuser.me/api/portraits/men/3.jpg
4,zbailey3,NSPAKArKrlPz,ekilgannon3@samsung.com,Organic tangible time-frame,https://randomuser.me/api/portraits/women/4.jpg
5,lgodsafe4,5SMWjUPgcAqg,tzellick4@oracle.com,Cross-group grid-enabled task-force,https://randomuser.me/api/portraits/women/5.jpg
6,lemblem5,RH5IkS4lr,acrickmoor5@irs.gov,Enhanced asynchronous core,https://randomuser.me/api/portraits/women/6.jpg
7,rpearcey6,o2fbNuA,btonna6@usatoday.com,Visionary content-based emulation,https://randomuser.me/api/portraits/men/7.jpg
8,sblenkiron7,nrUYJXht5,gwellfare7@t-online.de,Enterprise-wide mission-critical matrix,https://randomuser.me/api/portraits/men/8.jpg
9,lmcevilly8,pAiGNu,cmcfadin8@ebay.com,Exclusive bottom-line circuit,https://randomuser.me/api/portraits/women/9.jpg
10,nharler9,doPHnpgVdU,ypidwell9@walmart.com,Ergonomic impactful analyzer,https://randomuser.me/api/portraits/men/10.jpg
11,cwella,bnwAB7,ashackeltona@google.fr,Fully-configurable interactive paradigm,https://randomuser.me/api/portraits/men/11.jpg
12,lskillingb,4MTzik,rgueinnb@nature.com,Public-key encompassing definition,https://randomuser.me/api/portraits/men/12.jpg
13,bcruxc,VGt6cy,fcristofaric@apache.org,Total holistic flexibility,https://randomuser.me/api/portraits/men/13.jpg
14,agreenmond,hD8AcGKXf,hjessd@live.com,Object-based fault-tolerant open system,https://randomuser.me/api/portraits/women/14.jpg
15,wabsolome,QxxcMJat92iv,ajaneke@twitter.com,Vision-oriented 4th generation algorithm,https://randomuser.me/api/portraits/men/15.jpg
16,jbloomanf,o8SlixJgfG8,beasonf@zdnet.com,Inverse multimedia framework,https://randomuser.me/api/portraits/women/16.jpg
17,adefriesg,gQwoplOapE,lpichang@businessinsider.com,User-centric motivating moderator,https://randomuser.me/api/portraits/men/17.jpg
18,pmastrantoneh,FmyYIos3S,tarrundaleh@newyorker.com,Switchable bifurcated implementation,https://randomuser.me/api/portraits/women/18.jpg
19,fmelbyi,ZZwzcz9,cbowermani@phpbb.com,Integrated national Graphical User Interface,https://randomuser.me/api/portraits/women/19.jpg
20,rmassenj,EGhpVnJy9ed,mdefilippisj@google.com,Triple-buffered 3rd generation functionalities,https://randomuser.me/api/portraits/men/20.jpg
21,gbelcherk,Y8sTPo,cspottiswoodek@indiegogo.com,Realigned real-time protocol,https://randomuser.me/api/portraits/men/21.jpg
22,bblackshawl,N15fCXY50Rab,ogoodsirl@wp.com,Adaptive background policy,https://randomuser.me/api/portraits/women/22.jpg
23,lmosem,EDcVkDe,cbellanym@nhs.uk,Proactive scalable groupware,https://randomuser.me/api/portraits/women/23.jpg
24,narkinn,xgXGhn,dlunan@house.gov,User-friendly modular paradigm,https://randomuser.me/api/portraits/men/24.jpg
25,jdolano,ZFuUqrkQybk,rhalledayo@qq.com,Sharable real-time success,https://randomuser.me/api/portraits/men/25.jpg
26,nhatzp,lT8xE8y,dcorradengop@netvibes.com,Cloned static focus group,https://randomuser.me/api/portraits/women/26.jpg
27,mmarnesq,lXVlMuZmOff,vhrynczykq@howstuffworks.com,Enhanced 4th generation open architecture,https://randomuser.me/api/portraits/men/27.jpg
28,skilmurrayr,FhqtyrFZRw,ldanisr@nytimes.com,Re-contextualized systematic orchestration,https://randomuser.me/api/portraits/men/28.jpg
29,jfitzsimonss,KlsMuFO2GM,kpettkos@tiny.cc,Adaptive non-volatile hardware,https://randomuser.me/api/portraits/men/29.jpg
30,hdounbaret,YHX91IiZnp4Z,lshelbornet@wikispaces.com,Customer-focused content-based protocol,https://randomuser.me/api/portraits/women/30.jpg
31,cainsleyu,T4nNUZuFx,nsooleyu@amazonaws.com,Pre-emptive systematic access,https://randomuser.me/api/portraits/women/31.jpg
32,lgregolinv,a6MvjaYBLzB,klovatv@nymag.com,Decentralized needs-based task-force,https://randomuser.me/api/portraits/men/32.jpg
33,rblayneyw,Jb1FSh,dwingeatw@drupal.org,Inverse executive implementation,https://randomuser.me/api/portraits/men/33.jpg
34,rbuneyx,QgFKw8t2w9Kg,tkellawayx@google.com.au,Grass-roots exuding array,https://randomuser.me/api/portraits/women/34.jpg
35,mtworty,DxdAkPk,jrainery@newyorker.com,De-engineered mobile alliance,https://randomuser.me/api/portraits/women/35.jpg
36,mliepinaz,N9KEPFw2UDw6,hlepruvostz@webeden.co.uk,Enterprise-wide disintermediate task-force,https://randomuser.me/api/portraits/men/36.jpg
37,vgiberd10,U9S8wUQM7sgF,ranear10@biglobe.ne.jp,De-engineered encompassing moratorium,https://randomuser.me/api/portraits/women/37.jpg
38,bnenci11,eL7plVds80,bmckerron11@parallels.com,Ergonomic reciprocal budgetary management,https://randomuser.me/api/portraits/women/38.jpg
39,bmccallion12,hrKGGBRc,emazzeo12@apple.com,Networked even-keeled capacity,https://randomuser.me/api/portraits/men/39.jpg
40,ksive13,Mgs4SB,jeversley13@dailymotion.com,Realigned multimedia orchestration,https://randomuser.me/api/portraits/women/40.jpg
41,igarard14,7yUAWOfY,cquadri14@mapquest.com,Expanded context-sensitive structure,https://randomuser.me/api/portraits/women/41.jpg
42,vmackerness15,LMIaunX,abattie15@virginia.edu,Polarised impactful implementation,https://randomuser.me/api/portraits/men/42.jpg
43,ezeplin16,njrqzjFkmqem,mkelinge16@usda.gov,Virtual demand-driven middleware,https://randomuser.me/api/portraits/women/43.jpg
44,cjikylls17,CCYWCIQ,gathridge17@yelp.com,Reverse-engineered solution-oriented emulation,https://randomuser.me/api/portraits/men/44.jpg
45,oledrun18,vG613cx0Vhv,hcaldera18@joomla.org,Multi-tiered zero defect leverage,https://randomuser.me/api/portraits/women/45.jpg
46,aplimmer19,5RZF15Ch,gpoints19@google.ca,Organic 3rd generation matrix,https://randomuser.me/api/portraits/women/46.jpg
47,bberriball1a,phlNLO,mfitzhenry1a@answers.com,Future-proofed 4th generation framework,https://randomuser.me/api/portraits/women/47.jpg
48,rquincee1b,pF03zzyhpk,lhendrick1b@360.cn,Object-based transitional website,https://randomuser.me/api/portraits/women/48.jpg
49,pteresi1c,k3MIE41HtQN,aheskins1c@diigo.com,Enterprise-wide contextually-based project,https://randomuser.me/api/portraits/men/49.jpg
50,vbetser1d,HarYym24,mforsbey1d@sun.com,Organized 3rd generation moderator,https://randomuser.me/api/portraits/women/50.jpg
51,fpollack1e,dcvZ2TPN,smackilroe1e@sourceforge.net,Function-based methodical archive,https://randomuser.me/api/portraits/women/51.jpg
52,wduling1f,Y90LlvztlSlN,cbacke1f@cdbaby.com,Polarised grid-enabled strategy,https://randomuser.me/api/portraits/women/52.jpg
53,lrussilll1g,DK3QtcKPNzx,nnevins1g@admin.ch,Face to face solution-oriented encryption,https://randomuser.me/api/portraits/men/53.jpg
54,edeye1h,LiUw4UQju8,aepp1h@naver.com,Function-based 24/7 success,https://randomuser.me/api/portraits/men/54.jpg
55,hstirzaker1i,RiwPJIP,npablo1i@cisco.com,Distributed hybrid matrices,https://randomuser.me/api/portraits/women/55.jpg
56,pgreeding1j,jUI0zL,rtordiffe1j@mtv.com,Triple-buffered content-based function,https://randomuser.me/api/portraits/men/56.jpg
57,vtanti1k,5yYrGd,cmazzilli1k@cmu.edu,Ergonomic global forecast,https://randomuser.me/api/portraits/women/57.jpg
58,tstute1l,fP9wNjhgCQa,bmundall1l@cam.ac.uk,Streamlined 24 hour protocol,https://randomuser.me/api/portraits/women/58.jpg
59,lrobottham1m,ioXJdJJn,shews1m@joomla.org,Compatible radical success,https://randomuser.me/api/portraits/women/59.jpg
60,bstuther1n,uPrXuEqILs2E,kmalcher1n@redcross.org,Synchronised incremental project,https://randomuser.me/api/portraits/women/60.jpg
61,rphysic1o,eKoF86rcztp,ajopke1o@umich.edu,Face to face grid-enabled product,https://randomuser.me/api/portraits/men/61.jpg
62,fcrucitti1p,nUgAaz,gcoo1p@fema.gov,Balanced zero defect interface,https://randomuser.me/api/portraits/men/62.jpg
63,pworcs1q,7wOnfn,ngrinishin1q@yale.edu,Optimized 3rd generation process improvement,https://randomuser.me/api/portraits/women/63.jpg
64,sattersoll1r,rBvlOvjDs0cw,lbadam1r@youku.com,Proactive executive service-desk,https://randomuser.me/api/portraits/men/64.jpg
65,mpettingall1s,h6Wd5i288W,pshankland1s@nasa.gov,Mandatory discrete frame,https://randomuser.me/api/portraits/women/65.jpg
66,rcorradetti1t,EGFcsz,lmcalinden1t@bloglovin.com,Ergonomic multimedia internet solution,https://randomuser.me/api/portraits/men/66.jpg
67,ocowerd1u,K5ywbadSRAbD,horrin1u@house.gov,Grass-roots executive time-frame,https://randomuser.me/api/portraits/men/67.jpg
68,ppoyntz1v,3ZWs891Y5,cslott1v@rediff.com,Right-sized system-worthy Graphical User Interface,https://randomuser.me/api/portraits/women/68.jpg
69,pscoffins1w,YCSH5lG,ggorelli1w@admin.ch,Robust next generation alliance,https://randomuser.me/api/portraits/men/69.jpg
70,hcluelow1x,uDd6Zqda4Gk,hreah1x@spotify.com,Distributed motivating concept,https://randomuser.me/api/portraits/women/70.jpg
71,pshall1y,vycJzXafEIDX,bpaoli1y@trellian.com,Cross-group 5th generation encryption,https://randomuser.me/api/portraits/women/71.jpg
72,pbollard1z,xaPRcodSWW,mfeedham1z@hud.gov,Pre-emptive system-worthy methodology,https://randomuser.me/api/portraits/men/72.jpg
73,tarr20,fW8TbJp6gG,dwitheridge20@craigslist.org,Programmable well-modulated orchestration,https://randomuser.me/api/portraits/men/73.jpg
74,ccancutt21,fDSCcmRdb,rbendtsen21@redcross.org,Quality-focused contextually-based moratorium,https://randomuser.me/api/portraits/men/74.jpg
75,odummett22,9MT22V0,rcharleston22@stanford.edu,Object-based local internet solution,https://randomuser.me/api/portraits/women/75.jpg
76,cbayford23,M2bb4Kk8Nb,hhiscocks23@discovery.com,Reactive homogeneous core,https://randomuser.me/api/portraits/men/76.jpg
77,urene24,3Wp9aMGy,ctraice24@nydailynews.com,Persistent hybrid superstructure,https://randomuser.me/api/portraits/men/77.jpg
78,iconrath25,pjQ4Y5tHbeLU,jbonnett25@ucsd.edu,Reverse-engineered neutral algorithm,https://randomuser.me/api/portraits/women/78.jpg
79,fferrelli26,pg3gOCA3Q2,ghiggonet26@unc.edu,Monitored dynamic protocol,https://randomuser.me/api/portraits/men/79.jpg
80,jseint27,owbD8n,mcoules27@ezinearticles.com,Triple-buffered object-oriented knowledge base,https://randomuser.me/api/portraits/women/80.jpg
81,creadings28,OX5BHoK4mX6b,adaggett28@blogspot.com,Robust responsive infrastructure,https://randomuser.me/api/portraits/men/81.jpg
82,cwearing29,3FwNucQ0w,jtortis29@howstuffworks.com,Cross-platform bifurcated complexity,https://randomuser.me/api/portraits/women/82.jpg
83,abrend2a,mIdSZBGcGH,aallawy2a@globo.com,Automated coherent hierarchy,https://randomuser.me/api/portraits/women/83.jpg
84,mpirouet2b,y29JYBKU,lstate2b@addthis.com,Compatible background alliance,https://randomuser.me/api/portraits/men/84.jpg
85,tcatterall2c,dS2u8MX1,jfanner2c@yolasite.com,Up-sized tangible capacity,https://randomuser.me/api/portraits/men/85.jpg
86,rmorales2d,b4ttDXG5,sboydle2d@cisco.com,Streamlined maximized hierarchy,https://randomuser.me/api/portraits/men/86.jpg
87,dcater2e,MyyPP9m54yeN,folivo2e@digg.com,Quality-focused discrete project,https://randomuser.me/api/portraits/women/87.jpg
88,ajerome2f,q6bIpZq,mchatell2f@ezinearticles.com,Innovative high-level complexity,https://randomuser.me/api/portraits/men/88.jpg
89,rwennam2g,BzuECP904,scritoph2g@posterous.com,Persevering upward-trending task-force,https://randomuser.me/api/portraits/women/89.jpg
90,mabbess2h,pzLM8ad,vfrance2h@wisc.edu,Front-line high-level firmware,https://randomuser.me/api/portraits/men/90.jpg
91,aaizikovitz2i,VSLrpPk0b,alarkins2i@xrea.com,Polarised fresh-thinking hierarchy,https://randomuser.me/api/portraits/women/91.jpg
92,cdebell2j,7nMLSFSZtt,awhewell2j@unesco.org,Horizontal interactive solution,https://randomuser.me/api/portraits/men/92.jpg
93,aduffie2k,4HlRbfX2,dsterte2k@scientificamerican.com,Realigned analyzing open system,https://randomuser.me/api/portraits/women/93.jpg
94,mruthen2l,odXdNAVd1,ecarbine2l@youtube.com,Right-sized coherent definition,https://randomuser.me/api/portraits/men/94.jpg
95,wboulton2m,HyNAfW6Jsmx,otye2m@devhub.com,Innovative foreground time-frame,https://randomuser.me/api/portraits/men/95.jpg
96,npassfield2n,Ag8Jcc11N5,hhethron2n@illinois.edu,Persistent user-facing interface,https://randomuser.me/api/portraits/women/96.jpg
97,lknath2o,lQc1QU6kk,hduffitt2o@privacy.gov.au,Realigned neutral functionalities,https://randomuser.me/api/portraits/men/97.jpg
98,gbaumer2p,Da2bJ8z,zgoldson2p@admin.ch,Progressive global forecast,https://randomuser.me/api/portraits/men/98.jpg
99,tarens2q,GpntvB,dteape2q@huffingtonpost.com,Open-source web-enabled migration,https://randomuser.me/api/portraits/women/99.jpg
100,nsarver2r,TG8gB7,tdrust2r@wiley.com,Total bandwidth-monitored contingency,https://randomuser.me/api/portraits/men/100.jpg
101,zmacrow2s,ch3RF72O,pbraithwait2s@npr.org,Advanced multimedia access,https://randomuser.me/api/portraits/men/101.jpg
102,jcrinion2t,Dn01r53yoVA5,aeastment2t@sphinn.com,Distributed intangible moratorium,https://randomuser.me/api/portraits/men/102.jpg
103,esoppeth2u,xJWKEDC5,rmccluney2u@hexun.com,User-centric multi-tasking productivity,https://randomuser.me/api/portraits/women/103.jpg
104,bbeakes2v,2VAl8Ql,tlakeman2v@ihg.com,Front-line human-resource website,https://randomuser.me/api/portraits/men/104.jpg
105,msatcher2w,VX5Gt0qRmi,cdohr2w@deviantart.com,Implemented asynchronous strategy,https://randomuser.me/api/portraits/men/105.jpg
106,zgull2x,F6CR0fM,djeves2x@google.com,Reactive static knowledge user,https://randomuser.me/api/portraits/women/106.jpg
107,ldeniseau2y,uSL6IbbczwJ,etoffaloni2y@nydailynews.com,Down-sized motivating portal,https://randomuser.me/api/portraits/women/107.jpg
108,pknight2z,MPRZoHhQKr,wmcgall2z@cnbc.com,Enhanced analyzing help-desk,https://randomuser.me/api/portraits/men/108.jpg
109,ywilbud30,lebIfX,zsilburn30@deviantart.com,Future-proofed zero administration conglomeration,https://randomuser.me/api/portraits/women/109.jpg
110,nhubbold31,Ee6P0l,lmarnes31@dagondesign.com,Realigned neutral alliance,https://randomuser.me/api/portraits/women/110.jpg
111,ckhristoforov32,XrV9FtZ9,ademsey32@people.com.cn,Expanded zero administration pricing structure,https://randomuser.me/api/portraits/men/111.jpg
112,fpensom33,NRiXbYSKo,nchilver33@cbslocal.com,Automated 5th generation frame,https://randomuser.me/api/portraits/women/112.jpg
113,pneaves34,MZxOf4gesI,tdalgetty34@aboutads.info,Proactive client-server access,https://randomuser.me/api/portraits/men/113.jpg
114,dgarshore35,vLquGNV89,rcayet35@e-recht24.de,Extended fresh-thinking model,https://randomuser.me/api/portraits/women/114.jpg
115,adronsfield36,ZX4xlwzp,tbly36@creativecommons.org,Pre-emptive discrete portal,https://randomuser.me/api/portraits/men/115.jpg
116,wdecourcey37,cu363Vd3ndYx,rwilprecht37@theglobeandmail.com,Multi-channelled zero defect open architecture,https://randomuser.me/api/portraits/men/116.jpg
117,lcapps38,bRhW6ioyZrnX,brenihan38@deliciousdays.com,Public-key bifurcated attitude,https://randomuser.me/api/portraits/women/117.jpg
118,hzamora39,jBO1kf0,btrinke39@pbs.org,Diverse upward-trending functionalities,https://randomuser.me/api/portraits/women/118.jpg
119,mcordeiro3a,7bHI767xvJ,dsimonds3a@lycos.com,Object-based coherent instruction set,https://randomuser.me/api/portraits/men/119.jpg
120,mstrathman3b,29SByjL925,gvasilechko3b@discuz.net,Expanded methodical functionalities,https://randomuser.me/api/portraits/women/120.jpg
121,efitchen3c,a3x75nH,jtruce3c@bbc.co.uk,Reactive radical collaboration,https://randomuser.me/api/portraits/women/121.jpg
122,cpingston3d,ETEVaQ,lstych3d@seesaa.net,Function-based next generation monitoring,https://randomuser.me/api/portraits/women/122.jpg
123,obanbury3e,J7Q7Y6z,colynn3e@nasa.gov,Multi-tiered next generation system engine,https://randomuser.me/api/portraits/men/123.jpg
124,ileathard3f,FyLi4QBFv,bfilde3f@rediff.com,Profound disintermediate complexity,https://randomuser.me/api/portraits/women/124.jpg
125,cmcgrale3g,MVz8UtbtK5,ccurragh3g@blogtalkradio.com,Advanced homogeneous open architecture,https://randomuser.me/api/portraits/men/125.jpg
126,ldibling3h,5HKcFd7u,fmitskevich3h@answers.com,Customizable system-worthy attitude,https://randomuser.me/api/portraits/women/126.jpg
127,rblest3i,MNLF08jFDhJ,lthunnercliffe3i@soundcloud.com,Fundamental mobile standardization,https://randomuser.me/api/portraits/women/127.jpg
128,lguilloud3j,PFz1bWAYEv,hsmeed3j@seattletimes.com,Team-oriented system-worthy monitoring,https://randomuser.me/api/portraits/women/128.jpg
129,ksewards3k,ed8yT6CT,lmickleburgh3k@ocn.ne.jp,Reactive motivating project,https://randomuser.me/api/portraits/women/129.jpg
130,fpopham3l,x9BE3bj7pix,cmayoh3l@biglobe.ne.jp,Persevering context-sensitive workforce,https://randomuser.me/api/portraits/women/130.jpg
131,scauderlie3m,5bZjLJ8F,rugoletti3m@comcast.net,Ameliorated needs-based utilisation,https://randomuser.me/api/portraits/men/131.jpg
132,hshackleton3n,X65xnfQ5qy,ashillito3n@de.vu,Automated optimal frame,https://randomuser.me/api/portraits/women/132.jpg
133,asmoote3o,ovrFd2fJkkBy,cduddin3o@amazon.de,Fully-configurable zero administration synergy,https://randomuser.me/api/portraits/men/133.jpg
134,rwoof3p,baGBVQ,remslie3p@ning.com,Multi-channelled demand-driven algorithm,https://randomuser.me/api/portraits/men/134.jpg
135,fbayly3q,3urhqXc8i6rP,maudibert3q@ask.com,Configurable optimizing matrices,https://randomuser.me/api/portraits/women/135.jpg
136,agrist3r,2qf0WjML,rburriss3r@google.de,Business-focused directional info-mediaries,https://randomuser.me/api/portraits/men/136.jpg
137,mgilliard3s,C1oBWZ9v,rtoffler3s@bluehost.com,Up-sized responsive initiative,https://randomuser.me/api/portraits/women/137.jpg
138,swoolveridge3t,r156PB,htackle3t@toplist.cz,Proactive multi-tasking utilisation,https://randomuser.me/api/portraits/men/138.jpg
139,hfewkes3u,M7Nf1B2,lmedler3u@google.com.br,Seamless dynamic concept,https://randomuser.me/api/portraits/men/139.jpg
140,gstonham3v,JvQi2OzErR,pfairbourn3v@wunderground.com,Re-contextualized zero administration standardization,https://randomuser.me/api/portraits/women/140.jpg
141,ehuske3w,D40cXBfSOn8,omallord3w@unicef.org,Object-based transitional moderator,https://randomuser.me/api/portraits/men/141.jpg
142,asmitham3x,wYGWjj,dminshull3x@gmpg.org,Managed non-volatile secured line,https://randomuser.me/api/portraits/women/142.jpg
143,edeblase3y,E8Jx0w,rruane3y@vistaprint.com,Customizable multi-state definition,https://randomuser.me/api/portraits/men/143.jpg
144,gredmond3z,Y96JkC0mhg,edeshorts3z@prweb.com,Reduced 4th generation ability,https://randomuser.me/api/portraits/men/144.jpg
145,jhugnot40,KcIg740FgqD,alombard40@independent.co.uk,Triple-buffered high-level parallelism,https://randomuser.me/api/portraits/men/145.jpg
146,rband41,oAsI60amm0Il,osimioni41@sohu.com,Enhanced bifurcated focus group,https://randomuser.me/api/portraits/men/146.jpg
147,cgullane42,IYNlHrOWY,bbuckoke42@icio.us,Down-sized disintermediate strategy,https://randomuser.me/api/portraits/men/147.jpg
148,ckornilov43,qVBvjS3Rfdq0,cbrisset43@hostgator.com,Multi-tiered directional artificial intelligence,https://randomuser.me/api/portraits/men/148.jpg
149,hbishopp44,pJiIwtmj,bleathe44@reference.com,Configurable high-level customer loyalty,https://randomuser.me/api/portraits/men/149.jpg
150,pmccarry45,aOx2Gn62xWj,temm45@webnode.com,Persistent attitude-oriented internet solution,https://randomuser.me/api/portraits/women/150.jpg
