1,dcutbush0,$2b$12$dl3nfSC3cLRaX6yCWh6vbuv..c/XhtQAeM0YUuKeKHPVW4JG4Jhkq,cdenver0@psu.edu,Fully-configurable multi-state internet solution,https://randomuser.me/api/portraits/men/4.jpg
2,rtroak1,$2b$12$kcX7103ctvtcxKPVCbFTCOKLPteDTMqnsFQXKQbttk7fXg8e8BFrO,enellen1@free.fr,Quality-focused directional flexibility,https://randomuser.me/api/portraits/women/78.jpg
3,jlebrom2,$2b$12$I4ssOogFMGWK5ul.MDlGleqOylqP5zALZnYX1KPTE0mjuQqnUZ2Rq,jfladgate2@zdnet.com,Business-focused demand-driven knowledge user,https://randomuser.me/api/portraits/women/25.jpg
4,zbailey3,$2b$12$kovK/CtOhlFH7/9bZqFHyOKl.z4Yd0dYfCw2QjIurpg7RIYpm7tt2,ekilgannon3@samsung.com,Organic tangible time-frame,https://randomuser.me/api/portraits/men/53.jpg
5,lgodsafe4,$2b$12$vWm5HBndJ0u7SuOf2x14ou4nYOj.1oMPXkUA5oF/lzZ585b1sHHMq,tzellick4@oracle.com,Cross-group grid-enabled task-force,https://randomuser.me/api/portraits/men/52.jpg
6,lemblem5,$2b$12$Yf1lTpn5okFx1TwEobndaOsu..KExFL6et00glucUSXy3uw3JeUwq,acrickmoor5@irs.gov,Enhanced asynchronous core,https://randomuser.me/api/portraits/men/93.jpg
7,rpearcey6,$2b$12$V6PH7dzuePOWC1wtbSZwnex1T3m2mzeb693hZ.YOY.H0JDxUoqaQu,btonna6@usatoday.com,Visionary content-based emulation,https://randomuser.me/api/portraits/women/95.jpg
8,sblenkiron7,$2b$12$83TezcNUyb99K32fveHSUumSt/6tEoWvelcZQ1Nlv6Sidkmiyw6UK,gwellfare7@t-online.de,Enterprise-wide mission-critical matrix,https://randomuser.me/api/portraits/men/35.jpg
9,lmcevilly8,$2b$12$WrYcM5rs6JBG792d/N2Y.OGu2Dqrt/vzcgjipgRgZP0P1LpBHzo2K,cmcfadin8@ebay.com,Exclusive bottom-line circuit,https://randomuser.me/api/portraits/men/64.jpg
10,nharler9,$2b$12$Y.OfJTLEXeVtFK5YEtGCmO5iaap4Ww4ZEwgCzfx.wCQXmEhUYLxwy,ypidwell9@walmart.com,Ergonomic impactful analyzer,https://randomuser.me/api/portraits/women/72.jpg
11,cwella,$2b$12$fzOQhkh7uQ5Z.aPnjgpf/uF6EEjqgPPVY8MEq2JOed63Z3DeSWGVK,ashackeltona@google.fr,Fully-configurable interactive paradigm,https://randomuser.me/api/portraits/women/83.jpg
12,lskillingb,$2b$12$M/ChB2h8WNfRe4whIg77VOysGNbaxRgbXe7uUeg1lhHTq5DZs3Nmq,rgueinnb@nature.com,Public-key encompassing definition,https://randomuser.me/api/portraits/women/66.jpg
13,bcruxc,$2b$12$HnVpomGR/8ugByMoywcqg.VrG1A7mGO8e7Hy0e9DHlBuzFnczDAfy,fcristofaric@apache.org,Total holistic flexibility,https://randomuser.me/api/portraits/men/67.jpg
14,agreenmond,$2b$12$2sycJe/m7VVG/Bwpj.ZqAulHWlIOEJdqncjKlJZ4V56JznKQzaVRC,hjessd@live.com,Object-based fault-tolerant open system,https://randomuser.me/api/portraits/women/59.jpg
15,wabsolome,$2b$12$PvziDwwiwB7RH3eLqMl32.2UEMjWIkHYiwIcMag/.MqeyC6N8.5C2,ajaneke@twitter.com,Vision-oriented 4th generation algorithm,https://randomuser.me/api/portraits/women/5.jpg
16,jbloomanf,$2b$12$KK24HbbYWzgZ23A/2ovPyO5u3QppwZvqyD9CMBOpupaq2fZ3zFBUu,beasonf@zdnet.com,Inverse multimedia framework,https://randomuser.me/api/portraits/women/55.jpg
17,adefriesg,$2b$12$ZQpMtZM39/LQrNHF6OJl4eqf5lZrimAzDdHwCaggUH.dGdyb1U04W,lpichang@businessinsider.com,User-centric motivating moderator,https://randomuser.me/api/portraits/men/43.jpg
18,pmastrantoneh,$2b$12$GjX7KgdOxdB/WOh3cf4GieN3R7il1QyfGmgEodZWOZps8mP/0Cp7e,tarrundaleh@newyorker.com,Switchable bifurcated implementation,https://randomuser.me/api/portraits/women/4.jpg
19,fmelbyi,$2b$12$LxcqBdnxUdfYwEEyEl6DpOeuYiufLbT14zHu5QGs0GCXTPqJOAwoe,cbowermani@phpbb.com,Integrated national Graphical User Interface,https://randomuser.me/api/portraits/women/29.jpg
20,rmassenj,$2b$12$.oHq2JFcvO0STmUJX61kv.PSOclHf1BpgmBd8iLsIce6xAFcsjOqi,mdefilippisj@google.com,Triple-buffered 3rd generation functionalities,https://randomuser.me/api/portraits/men/92.jpg
21,gbelcherk,$2b$12$3BQG4d6VplL7qwL3wz/SmeyRNdylx6Y6arhRe5aZyIpHsDSR645Ou,cspottiswoodek@indiegogo.com,Realigned real-time protocol,https://randomuser.me/api/portraits/women/90.jpg
22,bblackshawl,$2b$12$Zc8zeFDIhowCfQpV3SvAFeuP5YnWPExBz4ryjWmV9L46LAJ3E/UNO,ogoodsirl@wp.com,Adaptive background policy,https://randomuser.me/api/portraits/men/54.jpg
23,lmosem,$2b$12$V9r7CAJR8ONGAC2SWcw9G.BArAFuJnr8J2yCqq9XfTVGRl3tEUgEi,cbellanym@nhs.uk,Proactive scalable groupware,https://randomuser.me/api/portraits/women/26.jpg
24,narkinn,$2b$12$nc/IkFloFhbjxLIHBXTumOCRN2VlBqvz7yVyO5JhdmvLHApRNa2HC,dlunan@house.gov,User-friendly modular paradigm,https://randomuser.me/api/portraits/women/80.jpg
25,jdolano,$2b$12$ScakKZIzh3TIftjcIQSu5ehu5ODvVqVNPK4zPmIvmWMdB4yMz5dzW,rhalledayo@qq.com,Sharable real-time success,https://randomuser.me/api/portraits/men/47.jpg
26,nhatzp,$2b$12$kLJfHaiw8NFMLMFINVtU7OFUhgzGQ51QqlwYhixRBjloaP4E2bvLC,dcorradengop@netvibes.com,Cloned static focus group,https://randomuser.me/api/portraits/men/52.jpg
27,mmarnesq,$2b$12$/koqA9w375DTQvJF3akVAOPNvFlEb1FdDmHDoGRE70IA2xZf6TN5W,vhrynczykq@howstuffworks.com,Enhanced 4th generation open architecture,https://randomuser.me/api/portraits/men/9.jpg
28,skilmurrayr,$2b$12$voMiyTAOfDTOOQ19wUMYNOXIEE.cpp5G7aamGeIaOF5nYUek3ZWhy,ldanisr@nytimes.com,Re-contextualized systematic orchestration,https://randomuser.me/api/portraits/men/23.jpg
29,jfitzsimonss,$2b$12$bFBpB6MEIsmUqUbrcS6FWuDJCcL8g1pggxOhOq.GAWqcp3FWsBTN.,kpettkos@tiny.cc,Adaptive non-volatile hardware,https://randomuser.me/api/portraits/men/34.jpg
30,hdounbaret,$2b$12$5qFXZHsjV44gz.0X0B6OxOi2BOel5EZsprNWWA2If8REAJKjweiwS,lshelbornet@wikispaces.com,Customer-focused content-based protocol,https://randomuser.me/api/portraits/men/14.jpg
31,cainsleyu,$2b$12$Qdw5ozyN.qdK82WqI4HRIumC4EAndJnUcgAipKMjW5nyZQnAlhgiu,nsooleyu@amazonaws.com,Pre-emptive systematic access,https://randomuser.me/api/portraits/women/21.jpg
32,lgregolinv,$2b$12$hE8RdfLjHNQnW.DvJs79xONWO76lymWgXTYqdqaUYoFmXEFatZeyW,klovatv@nymag.com,Decentralized needs-based task-force,https://randomuser.me/api/portraits/women/35.jpg
33,rblayneyw,$2b$12$00R/ELR3GjYlqW8AID/iE./DSdWI/fYBEanCHe6n7IfvTatk.DYZK,dwingeatw@drupal.org,Inverse executive implementation,https://randomuser.me/api/portraits/women/63.jpg
34,rbuneyx,$2b$12$sFCGuAOVS30ytE5PEv2M1e0LTJCDj7zwQFYGMA/Wa.0lfKEXEyKbO,tkellawayx@google.com.au,Grass-roots exuding array,https://randomuser.me/api/portraits/women/73.jpg
35,mtworty,$2b$12$kw7NDZEPs9C.mY90x23lZuawbZJnr4ARwUFgnNNmNBR/K5Hw9XP0y,jrainery@newyorker.com,De-engineered mobile alliance,https://randomuser.me/api/portraits/men/48.jpg
36,mliepinaz,$2b$12$UR7.lFi4gla0Bxi21nF.DeXX3Q0VktRnyOx6Xcq4TakUhJApXQ4oG,hlepruvostz@webeden.co.uk,Enterprise-wide disintermediate task-force,https://randomuser.me/api/portraits/men/74.jpg
37,vgiberd10,$2b$12$TAd1N/POORCkq9iaBLTWO.S0uiP8crzDZQ13Xdkz3T0x356wnajZm,ranear10@biglobe.ne.jp,De-engineered encompassing moratorium,https://randomuser.me/api/portraits/women/86.jpg
38,bnenci11,$2b$12$ydNi0aSFZEKdnCGjwvcmIuaUB6n6uvoOTSGkZnfrEYil56G0bA4vS,bmckerron11@parallels.com,Ergonomic reciprocal budgetary management,https://randomuser.me/api/portraits/men/5.jpg
39,bmccallion12,$2b$12$Fm5gC4IirqSl4UG/XgVjFe7FD27VIjjQc2.vvRiU29lEptQLRsfKm,emazzeo12@apple.com,Networked even-keeled capacity,https://randomuser.me/api/portraits/women/66.jpg
40,ksive13,$2b$12$vVZuM34Qe3GCQeXlb0zLQeyB1N1.KahEuLEtN79dn7n..GmKH/Ofe,jeversley13@dailymotion.com,Realigned multimedia orchestration,https://randomuser.me/api/portraits/men/95.jpg
41,igarard14,$2b$12$nYfbEdD4JiX0LbZ90t1nveYWcMySef9ppa.tT6kIlO7VTNm0zXJr.,cquadri14@mapquest.com,Expanded context-sensitive structure,https://randomuser.me/api/portraits/men/90.jpg
42,vmackerness15,$2b$12$AVSVqTp2O8FVsiSaIl5uQ.1HLWP6QjBzbla8SGkhJRRlCy2erooSC,abattie15@virginia.edu,Polarised impactful implementation,https://randomuser.me/api/portraits/women/9.jpg
43,ezeplin16,$2b$12$UhkqtRlsAzsKVfJIajeof.odU0liRYHUbqykcgY0CKYQPNc72ivK2,mkelinge16@usda.gov,Virtual demand-driven middleware,https://randomuser.me/api/portraits/men/5.jpg
44,cjikylls17,$2b$12$Ke8pA82AtF2B2kD3m6t6sOo3suBgnq.b5rBb3y2RmUAZ0FaTxwhDS,gathridge17@yelp.com,Reverse-engineered solution-oriented emulation,https://randomuser.me/api/portraits/men/94.jpg
45,oledrun18,$2b$12$007ThSfEaABSsQQv0DCCBudKNODbjrKnqyx/UmkmuKsjNa6cUqUSq,hcaldera18@joomla.org,Multi-tiered zero defect leverage,https://randomuser.me/api/portraits/women/24.jpg
46,aplimmer19,$2b$12$rDwXMcbPLLr6uUI6ymOXR.amryKUEySN3Wz4McoGNqiRduPJCN1HC,gpoints19@google.ca,Organic 3rd generation matrix,https://randomuser.me/api/portraits/men/44.jpg
47,bberriball1a,$2b$12$vplqPVS8x9tQ8gHwuw/fdOcay9BNr1XMrTtrGAtKwiTKlAnuJnkme,mfitzhenry1a@answers.com,Future-proofed 4th generation framework,https://randomuser.me/api/portraits/women/21.jpg
48,rquincee1b,$2b$12$ohhVlFuFMyeXkPOzOwluNe/ufXHel611aWAkmGupexbS./898Kn1e,lhendrick1b@360.cn,Object-based transitional website,https://randomuser.me/api/portraits/men/35.jpg
49,pteresi1c,$2b$12$vYnlrIA12XtuXQKDXm/fBeNSB/pKlqcVWVNK219p8FSvXLdBfJqgO,aheskins1c@diigo.com,Enterprise-wide contextually-based project,https://randomuser.me/api/portraits/men/79.jpg
50,vbetser1d,$2b$12$VxnK.A34VfKJJjIKEyVEb.TrdyDa1njhiEYl.Z/CWjX0uKgjUgzUK,mforsbey1d@sun.com,Organized 3rd generation moderator,https://randomuser.me/api/portraits/men/23.jpg
51,fpollack1e,$2b$12$FYxPwvkLcODJTgvEN0IQGue2L9TVJ8rLEtWIQ9ftKJBTLWw9mc2qK,smackilroe1e@sourceforge.net,Function-based methodical archive,https://randomuser.me/api/portraits/men/75.jpg
52,wduling1f,$2b$12$2eGHtDZze5e3I/3TL6iyPONuCpeMQQU4.i4OEXUmSge/jr8dUGOE2,cbacke1f@cdbaby.com,Polarised grid-enabled strategy,https://randomuser.me/api/portraits/women/59.jpg
53,lrussilll1g,$2b$12$OpT7rHNRnSMJLFD8ZvkVZutg7tw93nJaAdmHBaKEQ4Ej.tqBOsZ8G,nnevins1g@admin.ch,Face to face solution-oriented encryption,https://randomuser.me/api/portraits/men/60.jpg
54,edeye1h,$2b$12$CoVE46uiKanvymZyw8IeoOsCP377L/V4HS0l0dX8p7k/HImMs9yhS,aepp1h@naver.com,Function-based 24/7 success,https://randomuser.me/api/portraits/women/14.jpg
55,hstirzaker1i,$2b$12$8DyceeeyZMLK9q8EGh/DcO1Z/f5O9VHC4CHgZyvCp2gcVwM/cU.nS,npablo1i@cisco.com,Distributed hybrid matrices,https://randomuser.me/api/portraits/women/75.jpg
56,pgreeding1j,$2b$12$G2QfQhyziDz7LbfaiU7qluNib7ix5ukwxwuVoXsBSVmHKckFTVVJC,rtordiffe1j@mtv.com,Triple-buffered content-based function,https://randomuser.me/api/portraits/women/63.jpg
57,vtanti1k,$2b$12$VgKLLOIwKa1Hd1cZgKOCNO9BM8dMfJOHJwr4eNQ9OyFLJAcsMUOla,cmazzilli1k@cmu.edu,Ergonomic global forecast,https://randomuser.me/api/portraits/men/60.jpg
58,tstute1l,$2b$12$EvUZNsx.rolY7imTGflTNer6ymmqpwJJvEviedeXbH1A7k52kCgIu,bmundall1l@cam.ac.uk,Streamlined 24 hour protocol,https://randomuser.me/api/portraits/men/2.jpg
59,lrobottham1m,$2b$12$Ws2/N.qiBY1aon3odY05Y.5DNh/r0VapDy8YhPx/gTPC2OA6DmPaa,shews1m@joomla.org,Compatible radical success,https://randomuser.me/api/portraits/men/17.jpg
60,bstuther1n,$2b$12$2sJq7WrFb47TZ3wAAXdYK.hk.Zufm7S5qjHtobWv6HmcaTj7fnLCa,kmalcher1n@redcross.org,Synchronised incremental project,https://randomuser.me/api/portraits/men/5.jpg
61,rphysic1o,$2b$12$UmE8.WOQsX7dKO/s.2pcnO068B.eoE.SOTpR.2tQnQsnf0lsuG0Ke,ajopke1o@umich.edu,Face to face grid-enabled product,https://randomuser.me/api/portraits/women/26.jpg
62,fcrucitti1p,$2b$12$xdMTUtJLJqq2ZOPyaIP8weJuhR4ToqLiqg4xBpU4BY7g8Zbgg0z2u,gcoo1p@fema.gov,Balanced zero defect interface,https://randomuser.me/api/portraits/men/52.jpg
63,pworcs1q,$2b$12$9gPb8Q0evduSBKjStCRBh.XVXAyG.4f5Zmd6Mh.jA3QyJ27NVEf3.,ngrinishin1q@yale.edu,Optimized 3rd generation process improvement,https://randomuser.me/api/portraits/women/73.jpg
64,sattersoll1r,$2b$12$zpTBXQaC2GaSWSeXwr8IWu74DiVE4puI.LdReSZ.Ebkd/0tcFPlK.,lbadam1r@youku.com,Proactive executive service-desk,https://randomuser.me/api/portraits/men/87.jpg
65,mpettingall1s,$2b$12$sxg0dcbCbg581NREn7BDeuD8.C4MQ/oPM3HMMh0ILRcIcFYUxks9m,pshankland1s@nasa.gov,Mandatory discrete frame,https://randomuser.me/api/portraits/men/3.jpg
66,rcorradetti1t,$2b$12$qHhGU6Ml79nyYuYAyHODnO5qe3EOROSyiS.DqHMsXRvphcWviG1dG,lmcalinden1t@bloglovin.com,Ergonomic multimedia internet solution,https://randomuser.me/api/portraits/men/3.jpg
67,ocowerd1u,$2b$12$hMF/3UccFm6C3gHV6l9prOju5Csm2QBPON6GGmG.Jfp8LzSQLIc06,horrin1u@house.gov,Grass-roots executive time-frame,https://randomuser.me/api/portraits/men/2.jpg
68,ppoyntz1v,$2b$12$JDJGSAtMcD2LX1ee8pVu1OKgB/s/cAe.53LOftOU0M1WsFJcJCvC2,cslott1v@rediff.com,Right-sized system-worthy Graphical User Interface,https://randomuser.me/api/portraits/men/36.jpg
69,pscoffins1w,$2b$12$DoLcCwqcsHFfH/UMGky4KuhKgGSdkgtK01AbxFTyY2gKh5BWMHWt.,ggorelli1w@admin.ch,Robust next generation alliance,https://randomuser.me/api/portraits/women/60.jpg
70,hcluelow1x,$2b$12$p1GYq/Xji8KwHW8iIneeT.XrL9LU.9WL4UCELvTeY39vuGBxhQaSS,hreah1x@spotify.com,Distributed motivating concept,https://randomuser.me/api/portraits/women/91.jpg
71,pshall1y,$2b$12$STafizKxwFx3k9bTgqY7dOa4bgTTD2hL1W0DQ26Uu6hPG6Lewx1NG,bpaoli1y@trellian.com,Cross-group 5th generation encryption,https://randomuser.me/api/portraits/men/76.jpg
72,pbollard1z,$2b$12$MdxsS8vqA3S/CmlJBrtBreWcTf87Ft6oOrQ3XENZ1URl3Dqp8/frS,mfeedham1z@hud.gov,Pre-emptive system-worthy methodology,https://randomuser.me/api/portraits/men/21.jpg
73,tarr20,$2b$12$tSOFbWJJFVu9o6Tawb92geuEeZK0RJskAhpmGjcjAeS825Eoc4cCa,dwitheridge20@craigslist.org,Programmable well-modulated orchestration,https://randomuser.me/api/portraits/men/62.jpg
74,ccancutt21,$2b$12$LhAlTeAvI4MrRrxnGNi/0O7h3EMsHLl6YuQXoVqz.qJZLaC8Ev8ca,rbendtsen21@redcross.org,Quality-focused contextually-based moratorium,https://randomuser.me/api/portraits/men/87.jpg
75,odummett22,$2b$12$9JgGybiMzQ3d.Hp6RSjG4.i/wXzDfNT9z.b2I5q8NlKGBOQFs8LZq,rcharleston22@stanford.edu,Object-based local internet solution,https://randomuser.me/api/portraits/women/76.jpg
76,cbayford23,$2b$12$oS/EiqLAbkM/iVtdYeSwFe2jJby0Or7gqPq0GhrDAO/TVXhy3at3O,hhiscocks23@discovery.com,Reactive homogeneous core,https://randomuser.me/api/portraits/men/31.jpg
77,urene24,$2b$12$8iBsNNiVjkpMo8Me1Pf05enqj8csl06c6FF9caCFgKB7OeJfHJcge,ctraice24@nydailynews.com,Persistent hybrid superstructure,https://randomuser.me/api/portraits/men/35.jpg
78,iconrath25,$2b$12$Kj0Vd.GtSKF98.Uwy3T.quntV5Dz93mHv8EPPhFvCUEu6mBgzPuRe,jbonnett25@ucsd.edu,Reverse-engineered neutral algorithm,https://randomuser.me/api/portraits/men/93.jpg
79,fferrelli26,$2b$12$dkaE3Gt9vw90ScK4o7MEYuzn6d1ql9JnD0GeybBxoOtuSqsQu466a,ghiggonet26@unc.edu,Monitored dynamic protocol,https://randomuser.me/api/portraits/men/78.jpg
80,jseint27,$2b$12$70DNhvPpnKynBUmFyVEqF.uvemRatPpPL.k0/ufttN.NzpUZBkvhy,mcoules27@ezinearticles.com,Triple-buffered object-oriented knowledge base,https://randomuser.me/api/portraits/men/43.jpg
81,creadings28,$2b$12$YdahEvIDwNk9Xe4rkMtI2.x.evDBzlE.nil/Vm2EIDriWFIT5qV1O,adaggett28@blogspot.com,Robust responsive infrastructure,https://randomuser.me/api/portraits/women/63.jpg
82,cwearing29,$2b$12$qnUMt.DRP87aUADwZByofOyVjFLrwBPO8L38EZsbNt6xD2J4SFEeq,jtortis29@howstuffworks.com,Cross-platform bifurcated complexity,https://randomuser.me/api/portraits/women/9.jpg
83,abrend2a,$2b$12$ffzqdSqTQuh9i1MczVu2le0DxIWKxACrdMtgcNNmFOf4z3Fi6QILe,aallawy2a@globo.com,Automated coherent hierarchy,https://randomuser.me/api/portraits/men/47.jpg
84,mpirouet2b,$2b$12$h1xwuVChPLBSa35LtvENU.qAcQgDS5H/aq6LSboaaLlU/DlpihYvu,lstate2b@addthis.com,Compatible background alliance,https://randomuser.me/api/portraits/men/84.jpg
85,tcatterall2c,$2b$12$UrNjcAQOCSxzCVYLdXZTg.cU01pxWkqUruTQjvHBYTMCxgbpCQkny,jfanner2c@yolasite.com,Up-sized tangible capacity,https://randomuser.me/api/portraits/men/72.jpg
86,rmorales2d,$2b$12$SmbWo78otlShxjiOQDW7WeTtIKIfwUGoYSk1NGWaX9J9NUsGDDLFq,sboydle2d@cisco.com,Streamlined maximized hierarchy,https://randomuser.me/api/portraits/men/15.jpg
87,dcater2e,$2b$12$0byYs5x9/gC7tPDuS9rtk.zYQ47rp.zZVvIAzhXZrqezlmHFYtPIm,folivo2e@digg.com,Quality-focused discrete project,https://randomuser.me/api/portraits/men/92.jpg
88,ajerome2f,$2b$12$CWawCYZtFQDWbvh8QPzcOe9znwHHbuBrpeRUEgoeSVBrBF0lwa2QS,mchatell2f@ezinearticles.com,Innovative high-level complexity,https://randomuser.me/api/portraits/men/84.jpg
89,rwennam2g,$2b$12$ajVjbhFIjrS3bAicfX.uNeVTHZAlgZQxtO6GSM0O2sxAKa3jPhfUy,scritoph2g@posterous.com,Persevering upward-trending task-force,https://randomuser.me/api/portraits/women/37.jpg
90,mabbess2h,$2b$12$7pTkBh8aeLLGEJ.mJ2S90ORSb1gGFEB9q6/nWv6eCOJ7YZq650oIa,vfrance2h@wisc.edu,Front-line high-level firmware,https://randomuser.me/api/portraits/men/22.jpg
91,aaizikovitz2i,$2b$12$IpwR6kqh2LeReZCKRIenmOQZS0RBjWhwQaJmX2q10DyjJwCqjSqXa,alarkins2i@xrea.com,Polarised fresh-thinking hierarchy,https://randomuser.me/api/portraits/men/87.jpg
92,cdebell2j,$2b$12$2qLLRz5AU/8rscx3ol6CuOHWq01pm2RxNUbwPvJ2a3Fc2OU1LCwdu,awhewell2j@unesco.org,Horizontal interactive solution,https://randomuser.me/api/portraits/women/94.jpg
93,aduffie2k,$2b$12$jYR2Vp.pjDiD2edeu7Ap/uNPRC0Vk4nit529TrFs2ve0n32xJrsS6,dsterte2k@scientificamerican.com,Realigned analyzing open system,https://randomuser.me/api/portraits/women/81.jpg
94,mruthen2l,$2b$12$POM.lFN8gmpBl3xtP6Ieg.1EywkyqWFXWGeBwjDmHsUnA2leLOrEi,ecarbine2l@youtube.com,Right-sized coherent definition,https://randomuser.me/api/portraits/women/55.jpg
95,wboulton2m,$2b$12$h/0EQvF7w034mLbOho4k2.SukMdA.bEjFgHsOQSj6kGbKfFt/mxj.,otye2m@devhub.com,Innovative foreground time-frame,https://randomuser.me/api/portraits/women/58.jpg
96,npassfield2n,$2b$12$21KaeWYKmQkoX9aowLnv1eqCJq/Ii.HvX0xmh29iPkH7It73mZhn.,hhethron2n@illinois.edu,Persistent user-facing interface,https://randomuser.me/api/portraits/men/83.jpg
97,lknath2o,$2b$12$9451sWnupo/iOoC.NWtYPexaiXDgwKADxcXiUsZa3NwBCe1/2cqZO,hduffitt2o@privacy.gov.au,Realigned neutral functionalities,https://randomuser.me/api/portraits/men/95.jpg
98,gbaumer2p,$2b$12$U4dIIUh1c9oa1vKs2vswOumEu4HTGud2JzREfSJbSjRohzva5HOiC,zgoldson2p@admin.ch,Progressive global forecast,https://randomuser.me/api/portraits/men/2.jpg
99,tarens2q,$2b$12$CQPL8SBjqvbCMsw5IfcN3OJ.YbUABfyQBZ88EDku.kxgd1hsdnCB2,dteape2q@huffingtonpost.com,Open-source web-enabled migration,https://randomuser.me/api/portraits/women/1.jpg
100,nsarver2r,$2b$12$EpyrmVX7TBbyysEqznd2lu4gl842qFvVbu2g/t03sVL7px.MfmkYa,tdrust2r@wiley.com,Total bandwidth-monitored contingency,https://randomuser.me/api/portraits/women/75.jpg
101,zmacrow2s,$2b$12$P7HKwynBj5WO30rFzTixAeM.3/0G3yn65qTFLyh73ztIrufpPxgdW,pbraithwait2s@npr.org,Advanced multimedia access,https://randomuser.me/api/portraits/women/62.jpg
102,jcrinion2t,$2b$12$UcGMYeA2yGfpIM.JooCvd.2Z20zYpqxtybjlBrIMr83zAscx2tRsq,aeastment2t@sphinn.com,Distributed intangible moratorium,https://randomuser.me/api/portraits/men/82.jpg
103,esoppeth2u,$2b$12$F47L7IPg2mxt6szkbBt33uxfUjSGdGAw77sMCjcgrakks1q0dcnBe,rmccluney2u@hexun.com,User-centric multi-tasking productivity,https://randomuser.me/api/portraits/men/72.jpg
104,bbeakes2v,$2b$12$avC7vKFHmG0Ok0J8zzkuVe1g8SUvLo3jQOcDKUkNz/SOF7oYhB61a,tlakeman2v@ihg.com,Front-line human-resource website,https://randomuser.me/api/portraits/men/65.jpg
105,msatcher2w,$2b$12$lJo5jG1anqRZ0Dvl6tJbVOeSATbotmZFHFV9.vhxcTx4u1Et2t/GW,cdohr2w@deviantart.com,Implemented asynchronous strategy,https://randomuser.me/api/portraits/men/45.jpg
106,zgull2x,$2b$12$6w.RQcJHOe.kRKUIhCpLVul9dmoftMNe31Goj1liBAtL9N9DKNT..,djeves2x@google.com,Reactive static knowledge user,https://randomuser.me/api/portraits/men/42.jpg
107,ldeniseau2y,$2b$12$48BpSSoPNKu40gcq1QiSkOrwuS58fXPd725/pIYWk5sybVXb1q1yS,etoffaloni2y@nydailynews.com,Down-sized motivating portal,https://randomuser.me/api/portraits/men/84.jpg
108,pknight2z,$2b$12$pvWmbE.XVrDAzjZmgFP.jOuQ/OwoH2mjL85yzr6ljAojAwttWCeZu,wmcgall2z@cnbc.com,Enhanced analyzing help-desk,https://randomuser.me/api/portraits/men/70.jpg
109,ywilbud30,$2b$12$ID/fdgrO2lX9AeNL6bn8OunCN4h8sTtpoiYzRgeiLWI4EMqBMgCSm,zsilburn30@deviantart.com,Future-proofed zero administration conglomeration,https://randomuser.me/api/portraits/men/61.jpg
110,nhubbold31,$2b$12$WgOpcQ6uQEOrrgkjSwrL9.TNDXG08nsygZsP2le234mKPGhu.OtCq,lmarnes31@dagondesign.com,Realigned neutral alliance,https://randomuser.me/api/portraits/men/68.jpg
111,ckhristoforov32,$2b$12$26JTH1YbIXGtsFMxcJQzSeQrbsDsPpPNM90nVquWZWqQFd9BLKOY.,ademsey32@people.com.cn,Expanded zero administration pricing structure,https://randomuser.me/api/portraits/men/14.jpg
112,fpensom33,$2b$12$mdaOsZNOw5H6QtgksKEeouUgYjF3B.NczwNuBOiU9ts7bzftEgEN.,nchilver33@cbslocal.com,Automated 5th generation frame,https://randomuser.me/api/portraits/men/53.jpg
113,pneaves34,$2b$12$EPMIMFHOLoajRvUmGeEpg.v/zpHK6c5Ok0wKQ3vC2CVyMhTHWCbEe,tdalgetty34@aboutads.info,Proactive client-server access,https://randomuser.me/api/portraits/men/38.jpg
114,dgarshore35,$2b$12$e4GnS6tSlSKHBsn3rodH2eRsO/oqtWWjbLlrkpxmKWstP4/kYNvPa,rcayet35@e-recht24.de,Extended fresh-thinking model,https://randomuser.me/api/portraits/women/30.jpg
115,adronsfield36,$2b$12$yVOGNkllXWzVal/QiNDlguxZRlfljkvEYeKsSTsTs7RHTlumlEReG,tbly36@creativecommons.org,Pre-emptive discrete portal,https://randomuser.me/api/portraits/men/22.jpg
116,wdecourcey37,$2b$12$cx6RfZ8Fyqg5QWE825oCk.y.AewIwamZfBcFKpN3bpg/.AFmht4v2,rwilprecht37@theglobeandmail.com,Multi-channelled zero defect open architecture,https://randomuser.me/api/portraits/women/75.jpg
117,lcapps38,$2b$12$EPFgivwKTnL25H17sFyEIOguw9aGkWgKxqSPZDcxj/TvBf14EolL6,brenihan38@deliciousdays.com,Public-key bifurcated attitude,https://randomuser.me/api/portraits/women/11.jpg
118,hzamora39,$2b$12$1fX6Atpy5HW7WnvAao4S2.YGuAySMXzcYM8YbyQRvWsopK2X.Iije,btrinke39@pbs.org,Diverse upward-trending functionalities,https://randomuser.me/api/portraits/women/74.jpg
119,mcordeiro3a,$2b$12$T9S7TpOWYpHbRr76kAiYg./j1n45Ib6NX5PCOqwvbjNcyrZlMgBLS,dsimonds3a@lycos.com,Object-based coherent instruction set,https://randomuser.me/api/portraits/men/27.jpg
120,mstrathman3b,$2b$12$F1OmRj.o5plRK7DnjYU.ReAddBEbBqn9EZDebKwlxh4GJtln5l.xi,gvasilechko3b@discuz.net,Expanded methodical functionalities,https://randomuser.me/api/portraits/women/7.jpg
121,efitchen3c,$2b$12$SvBH.NdXjRthPyRp/Bxn1e8YlZZwSthZhj93XLQIziZO1pcwy6SkG,jtruce3c@bbc.co.uk,Reactive radical collaboration,https://randomuser.me/api/portraits/men/62.jpg
122,cpingston3d,$2b$12$c8Y1Bu4TkuUjXV09Hk.ac.11e2iQAlFjPH0ObdVxWKwH1/Fek1YyW,lstych3d@seesaa.net,Function-based next generation monitoring,https://randomuser.me/api/portraits/women/19.jpg
123,obanbury3e,$2b$12$U0ikPZeNllymMIScW3AVFOY7zX4cNo1BsTG60zuiK0I6GFdYOzaM.,colynn3e@nasa.gov,Multi-tiered next generation system engine,https://randomuser.me/api/portraits/women/25.jpg
124,ileathard3f,$2b$12$IVxLI1WLwnBmVNy7LzMlhuumlHNPs5NEWLf6WDPTZDf51U3Lz7wX.,bfilde3f@rediff.com,Profound disintermediate complexity,https://randomuser.me/api/portraits/women/67.jpg
125,cmcgrale3g,$2b$12$v8LLEw4x6r4c2K6d10rDD.k2Rc1N99UXgAhHTvq6DuCHOn1kHSgoe,ccurragh3g@blogtalkradio.com,Advanced homogeneous open architecture,https://randomuser.me/api/portraits/men/20.jpg
126,ldibling3h,$2b$12$tjxKa4vRKH12QMNY1r1xPeUaUz5WKs8SKL1/NeJOYeFiESXW74WFa,fmitskevich3h@answers.com,Customizable system-worthy attitude,https://randomuser.me/api/portraits/women/44.jpg
127,rblest3i,$2b$12$gx5hVA8S6VDlQu9I.gJD8O1SV7xdGSal1MabCX6jqYAGJ4DkVmr4S,lthunnercliffe3i@soundcloud.com,Fundamental mobile standardization,https://randomuser.me/api/portraits/men/60.jpg
128,lguilloud3j,$2b$12$FeExpT98tjcBdTRXgJYuteS4jkvAE1wxZIKw73Z/PnrPSTb11r.jS,hsmeed3j@seattletimes.com,Team-oriented system-worthy monitoring,https://randomuser.me/api/portraits/men/15.jpg
129,ksewards3k,$2b$12$UNC5a57jVGMiXqXyKCEBH.Gny3Yy6cnqUZyaGh.k1tviXh.65L/vS,lmickleburgh3k@ocn.ne.jp,Reactive motivating project,https://randomuser.me/api/portraits/men/24.jpg
130,fpopham3l,$2b$12$.DGKATEHUOr1xLVD1ViATu66pp3VgS782qKI35Zpkxe/sayft7aIm,cmayoh3l@biglobe.ne.jp,Persevering context-sensitive workforce,https://randomuser.me/api/portraits/women/30.jpg
131,scauderlie3m,$2b$12$YhiWLmWdCJIQqpxW8ofbEOOsfvPlFIUfAs8GtP1B.QmAlekGYDDkW,rugoletti3m@comcast.net,Ameliorated needs-based utilisation,https://randomuser.me/api/portraits/women/14.jpg
132,hshackleton3n,$2b$12$ZP.3LRbFiVoxhXGsphEjYuGZc88XI0XA9UAnguL4MDFaNDc6QCPPe,ashillito3n@de.vu,Automated optimal frame,https://randomuser.me/api/portraits/women/36.jpg
133,asmoote3o,$2b$12$Ev9S5raomt1GI7.oAwWH1enumRvi6nTNiVN7wSAbIP1RvN0TYbdsW,cduddin3o@amazon.de,Fully-configurable zero administration synergy,https://randomuser.me/api/portraits/men/55.jpg
134,rwoof3p,$2b$12$oA4mWswsq1KGhZnfGaY7E.3uoA68n4LjjRTsI9pur6AscJ/hGzkc.,remslie3p@ning.com,Multi-channelled demand-driven algorithm,https://randomuser.me/api/portraits/women/90.jpg
135,fbayly3q,$2b$12$mfmuMb.FMKSvMlEzlIq.YeK5rXyFwnxKBmxKKOoUk8ftY//PJ6exi,maudibert3q@ask.com,Configurable optimizing matrices,https://randomuser.me/api/portraits/women/22.jpg
136,agrist3r,$2b$12$.9yeioXeLo7VcKjJniYjleb/O9euzxHjlKPjQoKB3L/NWpBvQhMW2,rburriss3r@google.de,Business-focused directional info-mediaries,https://randomuser.me/api/portraits/men/34.jpg
137,mgilliard3s,$2b$12$Q9Pp7KWKHdWhFLPUKUQEXuW8hrzRK71iwWlIDuuxVyno90bAZ3Lxa,rtoffler3s@bluehost.com,Up-sized responsive initiative,https://randomuser.me/api/portraits/women/48.jpg
138,swoolveridge3t,$2b$12$bi9F0y4gVPySw2R6al249uJsu6MqqsZU.G4PdiIySlBnOdA4FlDEG,htackle3t@toplist.cz,Proactive multi-tasking utilisation,https://randomuser.me/api/portraits/women/50.jpg
139,hfewkes3u,$2b$12$.nCWMCi5pOtIQA6ciWc9BuGeP4sS770MUIJ3XIBnZLXN2Jb38GDgG,lmedler3u@google.com.br,Seamless dynamic concept,https://randomuser.me/api/portraits/women/25.jpg
140,gstonham3v,$2b$12$FgESAADh3gUPWpLkZ5OV..oWWT0lNSSzoW14DQbkbnb90Jl2q1PaG,pfairbourn3v@wunderground.com,Re-contextualized zero administration standardization,https://randomuser.me/api/portraits/women/83.jpg
141,ehuske3w,$2b$12$fKOe2H.A9vfdglg761pqi.02PZ4VNhBQA5whkqdRmJ11yFInNR2W6,omallord3w@unicef.org,Object-based transitional moderator,https://randomuser.me/api/portraits/women/78.jpg
142,asmitham3x,$2b$12$cjVhIbSFzFpSrv476jo5ju74vUX6R2rzgI.I.UABYBOdU86EA45g2,dminshull3x@gmpg.org,Managed non-volatile secured line,https://randomuser.me/api/portraits/women/5.jpg
143,edeblase3y,$2b$12$RNtBrbCXN2HCaD/UUIkCdOcL4hu50Y4kopY6DAEIbsU3xEH1EfXXm,rruane3y@vistaprint.com,Customizable multi-state definition,https://randomuser.me/api/portraits/women/51.jpg
144,gredmond3z,$2b$12$TMn4amcMN0arQfPVAd1Fr.NuRNajcf5IXGt3Nn7M/2hh.iliHx5RK,edeshorts3z@prweb.com,Reduced 4th generation ability,https://randomuser.me/api/portraits/women/29.jpg
145,jhugnot40,$2b$12$IWCuq428J26989T96qulCOZAwzDfIiXEDFs7FcAtdZTyqTWj3GVEm,alombard40@independent.co.uk,Triple-buffered high-level parallelism,https://randomuser.me/api/portraits/women/11.jpg
146,rband41,$2b$12$6P12X.zch3IQNZRYi8D.p.vTT3NICxqgkraoeCgBwndcW8jhkEVGq,osimioni41@sohu.com,Enhanced bifurcated focus group,https://randomuser.me/api/portraits/men/18.jpg
147,cgullane42,$2b$12$gzDF/Ud9UWpbuB2gKkam/.ftxSBOZKQMAFP.cvZhiAkr7prFxRIP.,bbuckoke42@icio.us,Down-sized disintermediate strategy,https://randomuser.me/api/portraits/women/4.jpg
148,ckornilov43,$2b$12$xLcWXZpSLv0AWJtgR4QUYeuRo1puY1.7N/6Cr4CN8GjCCpIPQLkTG,cbrisset43@hostgator.com,Multi-tiered directional artificial intelligence,https://randomuser.me/api/portraits/women/94.jpg
149,hbishopp44,$2b$12$ZB0v0yzfoRDO.wJG2J4J2er4YnL6lmkJ4LaPSQENQ33gCuNlI8ZNq,bleathe44@reference.com,Configurable high-level customer loyalty,https://randomuser.me/api/portraits/men/46.jpg
150,pmccarry45,$2b$12$bqWeoTm.6oP1FgL2DZnj3uRZpIDgCFpp8Lu9hh78fc.UyyXTVl8ca,temm45@webnode.com,Persistent attitude-oriented internet solution,https://randomuser.me/api/portraits/women/29.jpg
151,HankHill,$2b$12$OCBirphRe934/vZcCE2WGeRCeghlUF3yoU5XFbtQmNCIXp3oXFcQC,hank@strickland.com,I sell propane and propane accessories. I love mowing the lawn.,https://play-lh.googleusercontent.com/iQaRYz9z_TsVyyzjtpaJ73ms9RPiT4e_UB5DOndoPmxIQ10LU5jGubR1X7hVI1U-_wM
152,PeggyHill,$2b$12$WIvb9D7rfcNZkaF4HuPEG.v7D0suiUPgD1QljwYsmw1W9JArJE4eC,peggy@tomlandrymiddle.edu,I am a substitute spanish teacher at Tom Landry middle School. I love boggle and playing softball.,https://static.tvtropes.org/pmwiki/pub/images/char_6989_4107.jpg
154,BoomHauer,$2b$12$51R.cOmkwCcvJLynw2h5fOxl.g0QNlp6dxZYPZAbkPL4eMoyUnzmO,dang@dang.com,"Dang ole, tawmboutÂ…..biography.",https://upload.wikimedia.org/wikipedia/en/b/be/Jeff_Boomhauer.png
155,aaa,$2b$12$buM45uTmTA9h2EIP5CcniOlp8t.GOXuLuTmbCRMZZCCGyppWnY3s2,aaa,aaa,aaa
153,BobbyHill,$2b$12$vuRPYBUcZNtfMQLsblVxseA7zxweDA9/Ro5SlTbBi3YJm6PkCHIIa,fartfartfartfartfart@fart.com,I am an amateur comedian,https://imgix.ranker.com/list_img_v2/14514/2754514/original/bobby-hill-feminist-hero
156,bro,$2b$12$QZ6GfXNA11eGYbmD.hExFOSlgqRdjlwsItojJX89DeZKA0IZM50lS,bro@bro.com,bro,""
